service_title;start_datetime;client_lastname
Урок в группе французского языка для школьников;2019-11-16 11:20;Суворова
Индивидуальный онлайн-урок немецкого языка по Skype;2019-01-11 18:10;Колобова
Киноклуб итальянского языка для студентов;2019-12-01 14:40;Колобова
Интенсивный онлайн-курс португальского языка для компаний по Skype;2019-02-11 13:30;Колобова
Урок в группе китайского языка для взрослых;2019-09-10 18:20;Селиверстов
Урок в группе китайского языка для студентов;2019-02-12 19:40;Куликова
Занятие с репетитором-носителем французского языка;2019-04-04 09:10;Бобылёв
Урок в группе испанского языка для взрослых;2019-05-15 09:20;Киселёв
Урок в группе немецкого языка для школьников;2019-01-16 14:20;Комиссарова
Урок в группе английского языка для взрослых;2019-01-16 09:00;Бобров
Урок в группе немецкого языка для школьников;2019-03-15 10:50;Казаков
Индивидуальный онлайн-урок немецкого языка по Skype;2019-01-31 12:00;Андреева
Интенсивный онлайн-курс немецкого языка для компаний по Skype;2019-11-19 15:50;Андреев
Подготовка к экзамену TOEFL;2019-01-10 08:30;Калашников
Урок в группе немецкого языка для школьников;2019-04-29 15:00;Федотова
Киноклуб немецкого языка для детей;2019-10-12 08:50;Агафонов
Урок в группе китайского языка для школьников;2019-02-13 18:00;Куликова
Интенсивный онлайн-курс немецкого языка для компаний по Skype;2019-02-01 18:00;Калашников
Интенсивный курс с преподавателем-носителем немецкого языка для компаний;2019-11-12 18:50;Бобров
Киноклуб португальского языка для детей;2019-01-11 12:50;Большаков
Киноклуб португальского языка для студентов;2019-03-23 19:50;Александров
Киноклуб французского языка для взрослых;2019-06-23 08:00;Агафонов
Интенсивный курс с преподавателем-носителем английского языка для компаний;2019-05-25 17:10;Некрасов
Интенсивный онлайн-курс китайского языка для компаний по Skype;2019-02-18 18:20;Большаков
Киноклуб немецкого языка для взрослых;2019-07-17 08:20;Федотова
Занятие с репетитором-носителем французского языка;2019-08-06 16:50;Федотова
Киноклуб итальянского языка для детей;2019-12-14 08:40;Васильев
Подготовка к экзамену IELTS Speaking Club;2019-06-28 14:20;Зуев
Интенсивный курс итальянского языка с русскоязычным преподавателем для компаний;2019-06-06 19:20;Куликова
Киноклуб португальского языка для студентов;2019-06-07 17:20;Бобылёв
Урок в группе английского языка для школьников;2019-04-30 18:10;Воронова
Киноклуб португальского языка для детей;2019-08-30 11:40;Андреев
Урок в группе испанского языка для взрослых;2019-05-08 14:10;Ефремов
Индивидуальный урок итальянского языка с русскоязычным преподавателем;2019-10-27 16:20;Беляева
Киноклуб немецкого языка для взрослых;2019-01-05 08:40;Бобров
Индивидуальный урок испанского языка с преподавателем-носителем языка;2019-03-04 17:20;Зуев
Индивидуальный урок немецкого языка с русскоязычным преподавателем;2019-09-29 13:40;Егорова
Киноклуб китайского языка для студентов;2019-01-22 10:50;Ефимова
Интенсивный онлайн-курс немецкого языка для компаний по Skype;2019-12-19 19:30;Бобров
Подготовка к экзамену ACT;2019-11-15 17:50;Гущина
Индивидуальный урок французского языка с преподавателем-носителем языка;2019-07-04 17:10;Баранова
Индивидуальный онлайн-урок немецкого языка по Skype;2019-08-06 11:50;Киселёв
Киноклуб немецкого языка для детей;2019-11-09 13:00;Федотова
Индивидуальный урок английского языка с преподавателем-носителем языка;2019-02-16 18:50;Бобылёв
Индивидуальный урок немецкого языка с русскоязычным преподавателем;2019-03-03 17:20;Ершов
Урок в группе английского языка для школьников;2019-05-22 16:10;Степанова
Урок в группе французского языка для школьников;2019-07-31 18:10;Кузьмина
Индивидуальный урок испанского языка с преподавателем-носителем языка;2019-08-29 19:00;Комиссарова
Киноклуб немецкого языка для взрослых;2019-10-02 10:10;Киселёв
Индивидуальный онлайн-урок немецкого языка по Skype;2019-03-16 11:30;Костина
Подготовка к экзамену ACT;2019-08-27 11:40;Агафонов
Индивидуальный урок итальянского языка с русскоязычным преподавателем;2019-06-13 11:30;Абрамов
Киноклуб немецкого языка для детей;2019-08-18 16:00;Попова
Урок в группе английского языка для взрослых;2019-12-26 16:30;Горбачёв
Урок в группе итальянского языка для взрослых;2019-11-27 18:50;Морозов
Киноклуб немецкого языка для взрослых;2019-09-06 19:20;Медведев
Занятие с русскоязычным репетитором английского языка;2019-09-24 13:40;Воронова
Интенсивный курс с преподавателем-носителем португальского языка для компаний;2019-03-01 11:50;Гущина
Урок в группе итальянского языка для взрослых;2019-09-28 10:00;Турова
Занятие с репетитором-носителем французского языка;2019-03-20 10:40;Волков
Киноклуб немецкого языка для детей;2019-11-27 11:30;Корнилова
Занятие с репетитором-носителем немецкого языка;2019-01-23 18:30;Казаков
Индивидуальный урок испанского языка с преподавателем-носителем языка;2019-10-21 10:20;Ефимова
Занятие с репетитором-носителем французского языка;2019-08-11 12:50;Голубев
Киноклуб немецкого языка для взрослых;2019-01-03 14:40;Орлова
Интенсивный онлайн-курс немецкого языка для компаний по Skype;2019-12-31 08:30;Калашников
Урок в группе испанского языка для взрослых;2019-08-29 10:10;Калинин
Киноклуб итальянского языка для студентов;2019-01-03 18:50;Степанова
Урок в группе китайского языка для взрослых;2019-04-09 11:10;Горбачёв
Киноклуб французского языка для взрослых;2019-12-31 19:10;Ефимова
Киноклуб итальянского языка для студентов;2019-10-17 13:30;Лазарев
Индивидуальный урок немецкого языка с русскоязычным преподавателем;2019-05-17 13:30;Воронова
Урок в группе японского языка для школьников;2019-11-23 18:40;Морозов
Киноклуб португальского языка для детей;2019-07-10 15:30;Корнилова
Занятие с русскоязычным репетитором японского языка;2019-06-09 13:40;Колобова
Индивидуальный урок немецкого языка с русскоязычным преподавателем;2019-01-09 10:20;Ершов
Занятие с репетитором-носителем немецкого языка;2019-08-15 18:30;Лазарев
Киноклуб португальского языка для детей;2019-07-15 14:10;Евсеев
Урок в группе японского языка для школьников;2019-12-31 18:00;Киселёв
Урок в группе итальянского языка для взрослых;2019-12-22 09:20;Гущина
Киноклуб китайского языка для детей;2019-12-28 16:00;Горбачёв
Индивидуальный урок немецкого языка с русскоязычным преподавателем;2019-06-26 10:10;Калашников
Урок в группе французского языка для школьников;2019-04-29 12:40;Корнилова
Урок в группе французского языка для школьников;2019-04-13 09:00;Куликова
Урок в группе китайского языка для школьников;2019-01-05 16:00;Ершов
Занятие с русскоязычным репетитором японского языка;2019-03-25 18:20;Турова
Интенсивный курс с преподавателем-носителем английского языка для компаний;2019-11-09 18:50;Евсеев
Индивидуальный онлайн-урок немецкого языка по Skype;2019-04-07 10:40;Игнатов
Интенсивный онлайн-курс китайского языка для компаний по Skype;2019-11-11 18:50;Суворова
Киноклуб немецкого языка для взрослых;2019-01-06 15:00;Дмитриева
Урок в группе китайского языка для школьников;2019-08-20 19:10;Попова
Урок в группе китайского языка для школьников;2019-04-16 13:20;Блинов
Урок в группе немецкого языка для школьников;2019-12-22 15:10;Ефимова
Киноклуб португальского языка для детей;2019-01-22 16:50;Блохин
Интенсивный курс с преподавателем-носителем английского языка для компаний;2019-09-04 08:10;Костина
Киноклуб итальянского языка для детей;2019-01-01 14:50;Калинин
Урок в группе японского языка для школьников;2019-01-29 16:30;Федотова
Киноклуб английского языка для студентов;2019-07-06 11:30;Блохин
Занятие с русскоязычным репетитором английского языка;2019-12-05 10:20;Голубев
Урок в группе китайского языка для школьников;2019-04-05 13:20;Селиверстов
