Name;StartDate
Natura Siberica;2018-01-20
Биопин ФАРМА;2016-08-13
Milotto;2016-06-19
Лаборатория натуральной косметики MIXIT;2018-06-12
Малавит;2017-09-18
ANDALOU;2015-11-11
Agent Netty PRO;2016-03-17
ЕвроТек;2017-10-21
Blue Beautifly;2017-01-15
MATSESTA;2018-04-21
АЙРОН БАРБЕР;2018-04-16
РУСХИМТЕХ;2017-07-03
НИКОЛЬ;2017-02-27
Аравия;2015-06-23
Алтэя;2018-05-14
SHELK Cosmetics;2017-01-19
Русская косметика;2015-07-19
MAGIC HERBS;2016-02-23
Natura Botanica;2016-05-02
Bel Savon;2015-04-20
ИРИДА-НЕВА;2017-05-27
Славяна;2015-03-09
АЛВА;2016-08-18
Альпика;2018-05-31
Жерминаль;2017-04-04
Арт-Визаж;2018-04-15
Валери-Д;2018-06-28
Мастерская Fitoland Organic;2017-07-10
ДОМ ПРИРОДЫ;2015-11-25
Флора;2016-01-18
ЭКО ТАВРИДА;2016-06-27
АлтайЯ;2015-07-04
Weleda;2015-04-14
ANTI AGE;2015-11-01
Колорит;2017-12-22
SATIVA;2017-01-13
Фитокосметик;2016-03-01
Клеона;2017-10-29
Живая косметика Сибири;2015-03-05
SLAVIC HAIR Company;2015-12-20
Green era;2017-07-28
SIBERINA;2015-10-01
Green Mama;2016-11-11
Altanya;2015-03-23
Черный бриллиант;2016-01-07
BIOSelect;2016-12-29
АромаВятка;2016-10-01
VIQQO — производитель инновационной уходовой косметики;2017-10-12
DIONY;2017-12-03
AMSARVEDA;2015-12-11
